{"cameraMode":{"drawMode":0,"name":"Shaded","section":"Shading Mode"},"sceneLighting":false,"audioPlay":false,"sceneViewState":{"m_AlwaysRefresh":false,"showFog":true,"showSkybox":false,"showFlares":true,"showImageEffects":true,"showParticleSystems":true,"showVisualEffectGraphs":true,"m_FxEnabled":true},"in2DMode":false,"pivot":{"x":18.628551483154298,"y":1.683125376701355,"z":-0.02000001072883606},"rotation":{"x":0.025034088641405107,"y":-0.930132269859314,"z":0.36065396666526797,"w":0.06455738097429276},"size":9.254934310913086,"orthographic":false}