{"cameraMode":{"drawMode":0,"name":"Shaded","section":"Shading Mode"},"sceneLighting":false,"audioPlay":false,"sceneViewState":{"showFog":true,"showMaterialUpdate":false,"showSkybox":false,"showFlares":true,"showImageEffects":true,"showParticleSystems":true},"in2DMode":false,"pivot":{"x":-32.402591705322269,"y":-3.0799999237060549,"z":-42.168792724609378},"rotation":{"x":-0.04404909536242485,"y":-0.9497519135475159,"z":0.2674723267555237,"w":-0.15668874979019166},"size":11.894156455993653,"orthographic":false}