{"cameraMode":{"drawMode":0,"name":"Shaded","section":"Shading Mode"},"sceneLighting":false,"audioPlay":false,"sceneViewState":{"showFog":true,"showMaterialUpdate":false,"showSkybox":false,"showFlares":true,"showImageEffects":true,"showParticleSystems":true},"in2DMode":false,"pivot":{"x":0.3299999237060547,"y":7.424999713897705,"z":10.140000343322754},"rotation":{"x":-0.1837530881166458,"y":-0.6200515031814575,"z":0.15219396352767945,"w":-0.7475149631500244},"size":8.894156455993653,"orthographic":false}