{"cameraMode":{"drawMode":0,"name":"Shaded","section":"Shading Mode"},"sceneLighting":true,"audioPlay":false,"sceneViewState":{"showFog":true,"showMaterialUpdate":false,"showSkybox":true,"showFlares":true,"showImageEffects":true,"showParticleSystems":true},"in2DMode":false,"pivot":{"x":-10.431234359741211,"y":-12.333545684814454,"z":13.533939361572266},"rotation":{"x":-0.42562201619148257,"y":-0.1721990704536438,"z":0.08293651044368744,"w":-0.8845177888870239},"size":48.144195556640628,"orthographic":false}