{"cameraMode":{"drawMode":0,"name":"Shaded","section":"Shading Mode"},"sceneLighting":true,"audioPlay":false,"sceneViewState":{"m_AlwaysRefresh":false,"showFog":true,"showSkybox":true,"showFlares":true,"showImageEffects":true,"showParticleSystems":true,"showVisualEffectGraphs":true,"m_FxEnabled":true},"in2DMode":false,"pivot":{"x":-16.688438415527345,"y":-4.196836471557617,"z":31.860870361328126},"rotation":{"x":-0.39124569296836855,"y":-0.012648782692849636,"z":0.005565557163208723,"w":-0.9202515482902527},"size":61.90333938598633,"orthographic":false}