{"cameraMode":{"drawMode":0,"name":"Shaded","section":"Shading Mode"},"sceneLighting":true,"audioPlay":false,"sceneViewState":{"m_AlwaysRefresh":false,"showFog":true,"showSkybox":true,"showFlares":true,"showImageEffects":true,"showParticleSystems":true,"showVisualEffectGraphs":true,"m_FxEnabled":true},"in2DMode":false,"pivot":{"x":57.281002044677737,"y":-50.77599334716797,"z":2.3995189666748049},"rotation":{"x":-0.005194976460188627,"y":-0.9192617535591126,"z":0.3934324085712433,"w":-0.012138557620346547},"size":52.74514389038086,"orthographic":false}