{"cameraMode":{"drawMode":0,"name":"Shaded","section":"Shading Mode"},"sceneLighting":true,"audioPlay":false,"sceneViewState":{"m_AlwaysRefresh":false,"showFog":true,"showSkybox":true,"showFlares":true,"showImageEffects":true,"showParticleSystems":true,"showVisualEffectGraphs":true,"m_FxEnabled":true},"in2DMode":false,"pivot":{"x":200.13095092773438,"y":-1.4097576141357422,"z":3.393040657043457},"rotation":{"x":-0.0839180052280426,"y":-0.004488990176469088,"z":0.000308503455016762,"w":-0.9965664744377136},"size":7.1294379234313969,"orthographic":false}